album;song;song_position;song_duration;song_gaim;song_rank
The Virtual Road – U2 Go Home: Live From Slane Castle Ireland EP (Remastered 2021);Beautiful Day;1;263;-9.4;360567
The Virtual Road – U2 Go Home: Live From Slane Castle Ireland EP (Remastered 2021);Stuck In A Moment You Can't Get Out Of;2;279;-10.1;328845
The Virtual Road – U2 Go Home: Live From Slane Castle Ireland EP (Remastered 2021);All I Want Is You;3;268;-10.4;371002
The Virtual Road – U2 Go Home: Live From Slane Castle Ireland EP (Remastered 2021);Where The Streets Have No Name;4;361;-9.0;444545
Summer Of Love;Summer Of Love;1;204;-11.3;173728
Summer Of Love;Summer Of Love;2;215;-9.9;173660
Summer Of Love;Summer Of Love;3;315;-9.4;162442
Summer Of Love;Summer Of Love;4;520;-11.9;117210
Summer Of Love;Summer Of Love;5;261;-12.7;109199
Summer Of Love;Summer Of Love;6;205;-9.3;158980
Summer Of Love;Summer Of Love;7;396;-7.7;101400
Summer Of Love;Summer Of Love;8;215;-8.2;141593
Summer Of Love;Summer Of Love;9;355;-7.6;103393
Songs Of Experience;Love Is All We Have Left;1;161;-14.7;300436
Songs Of Experience;Lights Of Home;2;256;-10.4;320180
Songs Of Experience;You’re The Best Thing About Me;3;225;-10.5;662903
Songs Of Experience;Get Out Of Your Own Way;4;238;-11.4;527409
Songs Of Experience;American Soul;5;261;-10.6;288807
Songs Of Experience;Summer Of Love;6;204;-11.3;452441
Songs Of Experience;Red Flag Day;7;199;-10.8;309682
Songs Of Experience;The Showman (Little More Better);8;203;-10.9;296261
Songs Of Experience;The Little Things That Give You Away;9;295;-13.3;310873
Songs Of Experience;Landlady;10;241;-13.0;266538
Songs Of Experience;The Blackout;11;285;-11.0;460142
Songs Of Experience;Love Is Bigger Than Anything In Its Way;12;240;-10.7;298139
Songs Of Experience;13 (There is A Light);13;259;-14.4;255825
Songs Of Experience (Deluxe Edition);Love Is All We Have Left;1;161;-14.7;347787
Songs Of Experience (Deluxe Edition);Lights Of Home;2;256;-10.4;324241
Songs Of Experience (Deluxe Edition);You’re The Best Thing About Me;3;225;-10.5;401795
Songs Of Experience (Deluxe Edition);Get Out Of Your Own Way;4;238;-11.4;296533
Songs Of Experience (Deluxe Edition);American Soul;5;261;-10.6;312834
Songs Of Experience (Deluxe Edition);Summer Of Love;6;204;-11.3;391403
Songs Of Experience (Deluxe Edition);Red Flag Day;7;199;-10.8;310738
Songs Of Experience (Deluxe Edition);The Showman (Little More Better);8;203;-10.9;273601
Songs Of Experience (Deluxe Edition);The Little Things That Give You Away;9;295;-13.3;336474
Songs Of Experience (Deluxe Edition);Landlady;10;241;-13.0;300487
Songs Of Experience (Deluxe Edition);The Blackout;11;285;-11.0;292909
Songs Of Experience (Deluxe Edition);Love Is Bigger Than Anything In Its Way;12;240;-10.7;315948
Songs Of Experience (Deluxe Edition);13 (There is A Light);13;259;-14.4;327358
Songs Of Experience (Deluxe Edition);Ordinary Love;14;227;-12.0;587841
Songs Of Experience (Deluxe Edition);Book Of Your Heart;15;235;-11.1;299377
Songs Of Experience (Deluxe Edition);Lights Of Home;16;273;-10.4;284382
Songs Of Experience (Deluxe Edition);You’re The Best Thing About Me;17;256;-10.8;498175
Songs Of Innocence;The Miracle (Of Joey Ramone);1;255;-10.8;470970
Songs Of Innocence;Every Breaking Wave;2;252;-11.9;592502
Songs Of Innocence;California (There Is No End To Love);3;239;-10.4;419738
Songs Of Innocence;Song For Someone;4;226;-13.5;496388
Songs Of Innocence;Iris (Hold Me Close);5;319;-12.4;410955
Songs Of Innocence;Volcano;6;194;-10.9;402942
Songs Of Innocence;Raised By Wolves;7;245;-12.1;380622
Songs Of Innocence;Cedarwood Road;8;265;-8.2;384147
Songs Of Innocence;Sleep Like A Baby Tonight;9;301;-13.5;406069
Songs Of Innocence;This Is Where You Can Reach Me Now;10;305;-12.7;354635
Songs Of Innocence;The Troubles;11;285;-11.0;393821
Songs Of Innocence (Deluxe);The Miracle (Of Joey Ramone);1;255;-10.9;404534
Songs Of Innocence (Deluxe);Every Breaking Wave;2;252;-11.9;492796
Songs Of Innocence (Deluxe);California (There Is No End To Love);3;239;-10.4;347987
Songs Of Innocence (Deluxe);Song For Someone;4;226;-13.5;428157
Songs Of Innocence (Deluxe);Iris (Hold Me Close);5;319;-12.4;348120
Songs Of Innocence (Deluxe);Volcano;6;194;-10.9;282703
Songs Of Innocence (Deluxe);Raised By Wolves;7;245;-12.1;301062
Songs Of Innocence (Deluxe);Cedarwood Road;8;265;-8.2;260646
Songs Of Innocence (Deluxe);Sleep Like A Baby Tonight;9;301;-13.5;341868
Songs Of Innocence (Deluxe);This Is Where You Can Reach Me Now;10;305;-12.7;254659
Songs Of Innocence (Deluxe);The Troubles;11;285;-11.0;310705
Songs Of Innocence (Deluxe);Lucifer's Hands;12;235;-11.6;192910
Songs Of Innocence (Deluxe);The Crystal Ballroom;13;280;-11.3;267033
Songs Of Innocence (Deluxe);Every Breaking Wave;14;268;-15.8;425103
Songs Of Innocence (Deluxe);California (There Is No End To Love);15;199;-14.1;256667
Songs Of Innocence (Deluxe);Raised By Wolves;16;237;-13.7;193910
Songs Of Innocence (Deluxe);Cedarwood Road;17;198;-14.6;194198
Songs Of Innocence (Deluxe);Song For Someone;18;216;-16.1;241297
Songs Of Innocence (Deluxe);The Miracle (Of Joey Ramone);19;247;-15.5;255740
Songs Of Innocence (Deluxe);The Troubles;20;272;-11.2;196642
Songs Of Innocence (Deluxe);Sleep Like A Baby Tonight;21;628;-12.5;215094
Ill Go Crazy If I Dont Go Crazy Tonight;I'll Go Crazy If I Don't Go Crazy Tonight;1;253;-8.8;190682
Ill Go Crazy If I Dont Go Crazy Tonight;I'll Go Crazy If I Don't Go Crazy Tonight;2;430;-9.7;109195
Ill Go Crazy If I Dont Go Crazy Tonight;I'll Go Crazy If I Don't Go Crazy Tonight;3;448;-10.1;105650
Ill Go Crazy If I Dont Go Crazy Tonight;I'll Go Crazy If I Don't Go Crazy Tonight;4;277;-9.6;88140
Ill Go Crazy If I Dont Go Crazy Tonight;I'll Go Crazy If I Don't Go Crazy Tonight;5;450;-8.4;18559
Ill Go Crazy If I Dont Go Crazy Tonight;I'll Go Crazy If I Don't Go Crazy Tonight;6;449;-9.0;79459
Ill Go Crazy If I Dont Go Crazy Tonight;I'll Go Crazy If I Don't Go Crazy Tonight;7;265;-8.0;101289
Magnificent;Magnificent;1;260;-8.2;292584
Magnificent;Magnificent;2;440;-10.0;199521
Magnificent;Get On Your Boots;3;206;-9.6;222734
Magnificent;Magnificent;4;594;-10.9;112441
Magnificent;Magnificent;5;443;-10.3;206870
Magnificent;Magnificent;6;374;-8.8;143863
Magnificent;Magnificent;7;453;-9.7;66260
Magnificent;Breathe;8;285;-7.5;138631
Magnificent;Vertigo;9;227;-6.6;161918
Magnificent;Magnificent;10;241;-8.3;109316
No Line On The Horizon;No Line On The Horizon;1;252;-8.6;353301
No Line On The Horizon;Magnificent;2;324;-8.5;601078
No Line On The Horizon;Moment Of Surrender;3;444;-9.5;422758
No Line On The Horizon;Unknown Caller;4;362;-8.6;305649
No Line On The Horizon;I'll Go Crazy If I Don't Go Crazy Tonight;5;253;-8.1;445169
No Line On The Horizon;Get On Your Boots;6;205;-8.3;466751
No Line On The Horizon;Stand Up Comedy;7;229;-7.0;279051
No Line On The Horizon;FEZ / Being Born;8;316;-8.9;252591
No Line On The Horizon;White As Snow;9;281;-12.2;293118
No Line On The Horizon;Breathe;10;300;-7.3;278408
No Line On The Horizon;Cedars Of Lebanon;11;253;-11.8;284390
Live From Paris;I Will Follow;1;238;-10.9;388596
Live From Paris;Trip Through Your Wires;2;213;-10.6;340574
Live From Paris;I Still Haven't Found What I'm Looking For;3;326;-11.3;449664
Live From Paris;MLK;4;87;-13.9;321120
Live From Paris;Unforgettable Fire;5;280;-11.2;405511
Live From Paris;Sunday Bloody Sunday;6;333;-11.2;443709
Live From Paris;Exit;7;252;-13.5;374181
Live From Paris;In God's Country;8;171;-9.7;336308
Live From Paris;The Electric Co.;9;272;-11.8;309523
Live From Paris;Bad;10;424;-11.9;407064
Live From Paris;October;11;124;-16.3;348840
Live From Paris;New Year's Day;12;284;-10.6;407467
Live From Paris;Pride (In The Name Of Love);13;295;-10.9;403596
Live From Paris;Bullet The Blue Sky;14;293;-10.2;337482
Live From Paris;Running To Stand Still;15;247;-12.9;329859
Live From Paris;With Or Without You;16;599;-11.0;492876
Live From Paris;Party Girl;17;251;-11.5;303363
Live From Paris;"""40""";18;406;-10.7;314666
War (Deluxe Edition Remastered);Sunday Bloody Sunday;1;279;-12.1;530447
War (Deluxe Edition Remastered);Seconds;2;191;-12.2;226939
War (Deluxe Edition Remastered);New Year's Day;3;335;-10.8;645352
War (Deluxe Edition Remastered);Like A Song...;4;287;-10.5;242529
War (Deluxe Edition Remastered);Drowning Man;5;254;-11.7;252505
War (Deluxe Edition Remastered);The Refugee;6;220;-11.4;204636
War (Deluxe Edition Remastered);Two Hearts Beat As One;7;243;-12.6;199654
War (Deluxe Edition Remastered);Red Light;8;226;-12.6;169263
War (Deluxe Edition Remastered);Surrender;9;333;-10.7;197615
War (Deluxe Edition Remastered);"""40""";10;157;-11.0;464085
War (Deluxe Edition Remastered);Endless Deep;1;178;-13.2;176042
War (Deluxe Edition Remastered);Angels Too Tied To The Ground;2;214;-12.2;208559
War (Deluxe Edition Remastered);New Year's Day;3;235;-10.5;475399
War (Deluxe Edition Remastered);New Year's Day;4;270;-12.0;257209
War (Deluxe Edition Remastered);New Year's Day;5;581;-11.8;217646
War (Deluxe Edition Remastered);New Year's Day;6;276;-11.3;159267
War (Deluxe Edition Remastered);Two Hearts Beat As One;7;355;-11.6;122273
War (Deluxe Edition Remastered);Two Hearts Beat As One;8;263;-13.3;87273
War (Deluxe Edition Remastered);Two Hearts Beat As One;9;342;-12.6;114582
War (Deluxe Edition Remastered);Treasure (Whatever Happened To Pete The Chop);10;204;-11.3;112983
War (Deluxe Edition Remastered);I Threw A Brick Through A Window/A Day Without Me;11;418;-11.9;94119
War (Deluxe Edition Remastered);Fire;12;225;-11.0;105073
U218 Singles (Deluxe Version);Beautiful Day;1;245;-9.8;449131
U218 Singles (Deluxe Version);I Still Haven't Found What I'm Looking For;2;277;-9.2;338105
U218 Singles (Deluxe Version);Pride (In The Name Of Love);3;229;-7.4;319221
U218 Singles (Deluxe Version);With Or Without You;4;296;-10.4;362074
U218 Singles (Deluxe Version);Vertigo;5;190;-7.0;253506
U218 Singles (Deluxe Version);New Year's Day;6;258;-8.2;306792
U218 Singles (Deluxe Version);Mysterious Ways;7;242;-9.6;238988
U218 Singles (Deluxe Version);Stuck In A Moment You Can't Get Out Of;8;272;-9.7;309011
U218 Singles (Deluxe Version);Where The Streets Have No Name;9;286;-8.3;264888
U218 Singles (Deluxe Version);Sweetest Thing;10;179;-10.3;302383
U218 Singles (Deluxe Version);Sunday Bloody Sunday;11;280;-8.0;288403
U218 Singles (Deluxe Version);One;12;275;-9.2;319320
U218 Singles (Deluxe Version);Desire;13;178;-8.1;220124
U218 Singles (Deluxe Version);Walk On;14;266;-8.3;340215
U218 Singles (Deluxe Version);Elevation;15;227;-8.9;317053
U218 Singles (Deluxe Version);Sometimes You Can't Make It On Your Own;16;305;-8.2;506690
U218 Singles (Deluxe Version);The Saints Are Coming;17;201;-9.2;258105
U218 Singles (Deluxe Version);Window In The Skies;18;247;-7.1;74183
U218 Singles (Deluxe Version);Vertigo;1;234;-5.6;236437
U218 Singles (Deluxe Version);I Will Follow;2;266;-6.6;230236
U218 Singles (Deluxe Version);Elevation;3;352;-7.6;325270
U218 Singles (Deluxe Version);I Still Haven't Found What I'm Looking For;4;341;-9.8;292921
U218 Singles (Deluxe Version);All I Want Is You;5;297;-8.8;296632
U218 Singles (Deluxe Version);City Of Blinding Lights;6;358;-7.9;260902
U218 Singles (Deluxe Version);Sometimes You Can't Make It On Your Own;7;322;-8.5;196323
U218 Singles (Deluxe Version);Miss Sarajevo;8;421;-11.9;395141
U218 Singles (Deluxe Version);With Or Without You;9;386;-8.9;297392
U218 Singles;I Will Follow;1;216;-9.2;233547
U218 Singles;Beautiful Day;2;245;-9.8;269997
U218 Singles;I Still Haven't Found What I'm Looking For;3;277;-9.2;266844
U218 Singles;Pride (In The Name Of Love);4;229;-7.4;234821
U218 Singles;With Or Without You;5;296;-10.4;285363
U218 Singles;Vertigo;6;190;-7.0;212299
U218 Singles;New Year's Day;7;258;-8.2;252563
U218 Singles;Mysterious Ways;8;242;-9.6;192484
U218 Singles;Stuck In A Moment You Can't Get Out Of;9;272;-9.7;239159
U218 Singles;Where The Streets Have No Name;10;286;-8.3;237108
U218 Singles;Sweetest Thing;11;179;-10.3;236831
U218 Singles;Sunday Bloody Sunday;12;280;-8.0;248965
U218 Singles;One;13;275;-9.2;284767
U218 Singles;Desire;14;178;-8.1;187044
U218 Singles;Walk On;15;266;-8.3;235306
U218 Singles;Elevation;16;227;-8.9;232504
U218 Singles;Sometimes You Can't Make It On Your Own;17;305;-8.2;187990
U218 Singles;The Saints Are Coming;18;201;-9.2;365791
U218 Singles;Window In The Skies;19;247;-7.1;269229
How To Dismantle An Atomic Bomb;Vertigo;1;193;-6.2;763697
How To Dismantle An Atomic Bomb;Miracle Drug;2;234;-8.0;345802
How To Dismantle An Atomic Bomb;Sometimes You Can't Make It On Your Own;3;305;-8.2;345758
How To Dismantle An Atomic Bomb;Love And Peace Or Else;4;288;-8.1;310160
How To Dismantle An Atomic Bomb;City Of Blinding Lights;5;345;-7.2;642828
How To Dismantle An Atomic Bomb;All Because Of You;6;214;-5.9;315436
How To Dismantle An Atomic Bomb;A Man And A Woman;7;267;-7.9;327288
How To Dismantle An Atomic Bomb;Crumbs From Your Table;8;299;-6.8;301074
How To Dismantle An Atomic Bomb;One Step Closer;9;228;-11.6;281870
How To Dismantle An Atomic Bomb;Original Of The Species;10;274;-7.5;342475
How To Dismantle An Atomic Bomb;Yahweh;11;261;-6.4;286956
How To Dismantle An Atomic Bomb;Fast Cars;12;223;-6.8;248601
The Best Of 1990-2000 & B-Sides;Even Better Than The Real Thing;1;219;-8.5;271629
The Best Of 1990-2000 & B-Sides;Mysterious Ways;2;241;-10.2;265025
The Best Of 1990-2000 & B-Sides;Beautiful Day;3;244;-10.0;291390
The Best Of 1990-2000 & B-Sides;Electrical Storm;4;277;-9.0;292480
The Best Of 1990-2000 & B-Sides;One;5;275;-10.6;289877
The Best Of 1990-2000 & B-Sides;Miss Sarajevo;6;270;-15.7;320413
The Best Of 1990-2000 & B-Sides;Stay (Faraway, So Close!);7;297;-10.6;313384
The Best Of 1990-2000 & B-Sides;Stuck In A Moment You Can't Get Out Of;8;271;-9.2;248566
The Best Of 1990-2000 & B-Sides;Gone;9;272;-8.4;244273
The Best Of 1990-2000 & B-Sides;Until The End Of The World;10;278;-9.1;220471
The Best Of 1990-2000 & B-Sides;The Hands That Built America;11;296;-11.4;264775
The Best Of 1990-2000 & B-Sides;Discothèque;12;280;-10.7;210926
The Best Of 1990-2000 & B-Sides;Hold Me, Thrill Me, Kiss Me, Kill Me;13;284;-9.8;261447
The Best Of 1990-2000 & B-Sides;Staring At The Sun;14;288;-10.7;256953
The Best Of 1990-2000 & B-Sides;Numb;15;261;-10.6;235511
The Best Of 1990-2000 & B-Sides;The First Time;16;224;-13.7;214027
The Best Of 1990-2000 & B-Sides;The Fly;17;270;-9.4;208365
The Best Of 1990-2000 & B-Sides;Lady With The Spinning Head;1;367;-9.6;195662
The Best Of 1990-2000 & B-Sides;Dirty Day;2;280;-11.6;223179
The Best Of 1990-2000 & B-Sides;Summer Rain;3;246;-12.3;519875
The Best Of 1990-2000 & B-Sides;Electrical Storm;4;263;-9.6;478773
The Best Of 1990-2000 & B-Sides;North And South Of The River;5;276;-15.4;200002
The Best Of 1990-2000 & B-Sides;Your Blue Room;6;326;-11.2;224173
The Best Of 1990-2000 & B-Sides;Happiness Is A Warm Gun;7;285;-10.4;159199
The Best Of 1990-2000 & B-Sides;Salomé;8;350;-9.6;197457
The Best Of 1990-2000 & B-Sides;Even Better Than The Real Thing;9;397;-10.6;197559
The Best Of 1990-2000 & B-Sides;Numb;10;349;-13.7;187022
The Best Of 1990-2000 & B-Sides;Mysterious Ways;11;248;-11.3;184398
The Best Of 1990-2000 & B-Sides;If God Will Send His Angels;12;340;-13.4;174269
The Best Of 1990-2000 & B-Sides;Lemon;13;329;-12.1;182658
The Best Of 1990-2000 & B-Sides;Discothèque;14;344;-10.1;176720
The Best Of 1990-2000;Even Better Than The Real Thing;1;221;-8.5;185735
The Best Of 1990-2000;Mysterious Ways;2;243;-10.2;245941
The Best Of 1990-2000;Beautiful Day;3;248;-10.0;221986
The Best Of 1990-2000;Electrical Storm;4;279;-9.0;485021
The Best Of 1990-2000;One;5;275;-10.6;279458
The Best Of 1990-2000;Miss Sarajevo;6;272;-15.7;446473
The Best Of 1990-2000;Stay (Faraway, So Close!);7;299;-10.6;363544
The Best Of 1990-2000;Stuck In A Moment You Can't Get Out Of;8;274;-9.2;216800
The Best Of 1990-2000;Gone;9;274;-8.4;180264
The Best Of 1990-2000;Until The End Of The World;10;280;-9.1;170132
The Best Of 1990-2000;The Hands That Built America;11;298;-11.4;182593
The Best Of 1990-2000;Discothèque;12;282;-10.7;168777
The Best Of 1990-2000;Hold Me, Thrill Me, Kiss Me, Kill Me;13;285;-9.8;469782
The Best Of 1990-2000;Staring At The Sun;14;289;-10.7;196939
The Best Of 1990-2000;Numb;15;263;-10.6;196571
The Best Of 1990-2000;The First Time;16;224;-13.7;156916
All That You Can’t Leave Behind (20th Anniversary Edition / Super Deluxe / Remastered 2020);Beautiful Day;1;247;-9.6;126097
All That You Can’t Leave Behind (20th Anniversary Edition / Super Deluxe / Remastered 2020);Stuck In A Moment You Can't Get Out Of;2;272;-8.8;140260
All That You Can’t Leave Behind (20th Anniversary Edition / Super Deluxe / Remastered 2020);Elevation;3;227;-9.7;141737
All That You Can’t Leave Behind (20th Anniversary Edition / Super Deluxe / Remastered 2020);Walk On;4;296;-9.3;179532
All That You Can’t Leave Behind (20th Anniversary Edition / Super Deluxe / Remastered 2020);Kite;5;266;-10.1;125153
All That You Can’t Leave Behind (20th Anniversary Edition / Super Deluxe / Remastered 2020);In A Little While;6;219;-10.6;193687
All That You Can’t Leave Behind (20th Anniversary Edition / Super Deluxe / Remastered 2020);Wild Honey;7;226;-10.1;113554
All That You Can’t Leave Behind (20th Anniversary Edition / Super Deluxe / Remastered 2020);Peace On Earth;8;288;-13.3;107321
All That You Can’t Leave Behind (20th Anniversary Edition / Super Deluxe / Remastered 2020);When I Look At The World;9;257;-10.1;111945
All That You Can’t Leave Behind (20th Anniversary Edition / Super Deluxe / Remastered 2020);New York;10;330;-10.3;168598
All That You Can’t Leave Behind (20th Anniversary Edition / Super Deluxe / Remastered 2020);Grace;11;331;-13.2;111848
All That You Can’t Leave Behind (20th Anniversary Edition / Super Deluxe / Remastered 2020);The Ground Beneath Her Feet;12;223;-10.3;171015
All That You Can’t Leave Behind (20th Anniversary Edition / Super Deluxe / Remastered 2020);Levitate;1;309;-10.7;112613
All That You Can’t Leave Behind (20th Anniversary Edition / Super Deluxe / Remastered 2020);Summer Rain;2;247;-10.6;150844
All That You Can’t Leave Behind (20th Anniversary Edition / Super Deluxe / Remastered 2020);Stateless;3;247;-10.6;137392
All That You Can’t Leave Behind (20th Anniversary Edition / Super Deluxe / Remastered 2020);Always;4;228;-10.3;99817
All That You Can’t Leave Behind (20th Anniversary Edition / Super Deluxe / Remastered 2020);Love You Like Mad;5;258;-10.4;93327
All That You Can’t Leave Behind (20th Anniversary Edition / Super Deluxe / Remastered 2020);Big Girls Are Best;6;216;-10.5;97518
All That You Can’t Leave Behind (20th Anniversary Edition / Super Deluxe / Remastered 2020);Don't Take Your Guns To Town;7;253;-11.7;104491
All That You Can’t Leave Behind (20th Anniversary Edition / Super Deluxe / Remastered 2020);Stuck In A Moment You Can't Get Out Of;8;224;-11.6;129681
All That You Can’t Leave Behind (20th Anniversary Edition / Super Deluxe / Remastered 2020);Flower Child;9;295;-11.3;94870
All That You Can’t Leave Behind (20th Anniversary Edition / Super Deluxe / Remastered 2020);Elevation;1;309;-9.0;203324
All That You Can’t Leave Behind (20th Anniversary Edition / Super Deluxe / Remastered 2020);Beautiful Day;2;283;-8.4;236531
All That You Can’t Leave Behind (20th Anniversary Edition / Super Deluxe / Remastered 2020);Until The End Of The World;3;315;-7.5;268177
All That You Can’t Leave Behind (20th Anniversary Edition / Super Deluxe / Remastered 2020);Stuck In A Moment You Can't Get Out Of;4;340;-8.8;236559
All That You Can’t Leave Behind (20th Anniversary Edition / Super Deluxe / Remastered 2020);Kite;5;325;-7.9;215191
All That You Can’t Leave Behind (20th Anniversary Edition / Super Deluxe / Remastered 2020);Gone;6;295;-7.7;190699
All That You Can’t Leave Behind (20th Anniversary Edition / Super Deluxe / Remastered 2020);New York;7;351;-9.6;180188
All That You Can’t Leave Behind (20th Anniversary Edition / Super Deluxe / Remastered 2020);I Will Follow;8;309;-9.3;163627
All That You Can’t Leave Behind (20th Anniversary Edition / Super Deluxe / Remastered 2020);Sunday Bloody Sunday;9;443;-7.6;180326
All That You Can’t Leave Behind (20th Anniversary Edition / Super Deluxe / Remastered 2020);In A Little While;10;414;-12.7;201826
All That You Can’t Leave Behind (20th Anniversary Edition / Super Deluxe / Remastered 2020);Desire;11;186;-10.9;193070
All That You Can’t Leave Behind (20th Anniversary Edition / Super Deluxe / Remastered 2020);Stay (Faraway, So Close!);12;290;-12.1;262075
All That You Can’t Leave Behind (20th Anniversary Edition / Super Deluxe / Remastered 2020);Bad;13;382;-10.5;210555
All That You Can’t Leave Behind (20th Anniversary Edition / Super Deluxe / Remastered 2020);Where The Streets Have No Name;14;391;-5.3;280573
All That You Can’t Leave Behind (20th Anniversary Edition / Super Deluxe / Remastered 2020);Bullet The Blue Sky;15;378;-8.2;187982
All That You Can’t Leave Behind (20th Anniversary Edition / Super Deluxe / Remastered 2020);With Or Without You;16;331;-9.0;211407
All That You Can’t Leave Behind (20th Anniversary Edition / Super Deluxe / Remastered 2020);The Fly;17;475;-8.8;257586
All That You Can’t Leave Behind (20th Anniversary Edition / Super Deluxe / Remastered 2020);Wake Up Dead Man;18;85;-19.9;121449
All That You Can’t Leave Behind (20th Anniversary Edition / Super Deluxe / Remastered 2020);Walk On;19;398;-7.7;207559
All That You Can’t Leave Behind (20th Anniversary Edition / Super Deluxe / Remastered 2020);Elevation;1;476;-10.8;119850
All That You Can’t Leave Behind (20th Anniversary Edition / Super Deluxe / Remastered 2020);Elevation;2;243;-10.6;73016
All That You Can’t Leave Behind (20th Anniversary Edition / Super Deluxe / Remastered 2020);New York;3;425;-9.1;118780
All That You Can’t Leave Behind (20th Anniversary Edition / Super Deluxe / Remastered 2020);New York;4;451;-10.4;33026
All That You Can’t Leave Behind (20th Anniversary Edition / Super Deluxe / Remastered 2020);Beautiful Day;5;476;-10.1;156202
All That You Can’t Leave Behind (20th Anniversary Edition / Super Deluxe / Remastered 2020);Beautiful Day;6;470;-10.4;69251
All That You Can’t Leave Behind (20th Anniversary Edition / Super Deluxe / Remastered 2020);In A Little While;7;315;-12.1;100203
All That You Can’t Leave Behind (20th Anniversary Edition / Super Deluxe / Remastered 2020);Walk On;8;283;-11.3;74414
All That You Can’t Leave Behind (20th Anniversary Edition / Super Deluxe / Remastered 2020);When I Look At The World;9;314;-10.8;41385
All That You Can’t Leave Behind (20th Anniversary Edition / Super Deluxe / Remastered 2020);Elevation;10;425;-10.8;40685
All That You Can’t Leave Behind (20th Anniversary Edition / Super Deluxe / Remastered 2020);Elevation;11;415;-10.8;53059
All That You Cant Leave Behind;Beautiful Day;1;248;-9.6;824413
All That You Cant Leave Behind;Stuck In A Moment You Can't Get Out Of;2;273;-8.9;645740
All That You Cant Leave Behind;Elevation;3;226;-9.9;687129
All That You Cant Leave Behind;Walk On;4;296;-9.5;615758
All That You Cant Leave Behind;Kite;5;264;-10.1;450006
All That You Cant Leave Behind;In A Little While;6;220;-10.7;468192
All That You Cant Leave Behind;Wild Honey;7;226;-10.4;309057
All That You Cant Leave Behind;Peace On Earth;8;288;-13.0;310780
All That You Cant Leave Behind;When I Look At The World;9;257;-10.1;326716
All That You Cant Leave Behind;New York;10;330;-10.7;338090
All That You Cant Leave Behind;Grace;11;332;-13.2;327104
All That You Cant Leave Behind;The Ground Beneath Her Feet;12;233;-9.4;317017
The Best Of 1980-1990 & B-Sides;Pride (In The Name Of Love);1;228;-9.1;604904
The Best Of 1980-1990 & B-Sides;New Year's Day;2;257;-10.2;473774
The Best Of 1980-1990 & B-Sides;With Or Without You;3;295;-12.2;632209
The Best Of 1980-1990 & B-Sides;I Still Haven't Found What I'm Looking For;4;277;-11.2;473715
The Best Of 1980-1990 & B-Sides;Sunday Bloody Sunday;5;279;-10.5;441151
The Best Of 1980-1990 & B-Sides;Bad;6;349;-11.1;574387
The Best Of 1980-1990 & B-Sides;Where The Streets Have No Name;7;275;-9.8;684162
The Best Of 1980-1990 & B-Sides;I Will Follow;8;215;-11.2;413328
The Best Of 1980-1990 & B-Sides;The Unforgettable Fire;9;293;-11.3;420800
The Best Of 1980-1990 & B-Sides;Sweetest Thing;10;179;-12.3;650548
The Best Of 1980-1990 & B-Sides;Desire;11;178;-9.6;394653
The Best Of 1980-1990 & B-Sides;When Love Comes To Town;12;257;-11.6;521032
The Best Of 1980-1990 & B-Sides;Angel Of Harlem;13;229;-11.1;364353
The Best Of 1980-1990 & B-Sides;All I Want Is You;14;389;-15.5;521952
The Best Of 1980-1990 & B-Sides;October;15;140;-19.4;353817
The Best Of 1980-1990 & B-Sides;The Three Sunrises;1;232;-11.0;346527
The Best Of 1980-1990 & B-Sides;Spanish Eyes;2;194;-10.8;337497
The Best Of 1980-1990 & B-Sides;Sweetest Thing;3;182;-11.0;372508
The Best Of 1980-1990 & B-Sides;Love Comes Tumbling;4;280;-12.5;381343
The Best Of 1980-1990 & B-Sides;Bass Trap;5;210;-16.7;300315
The Best Of 1980-1990 & B-Sides;Dancing Barefoot;6;285;-11.6;404062
The Best Of 1980-1990 & B-Sides;Everlasting Love;7;199;-11.3;457715
The Best Of 1980-1990 & B-Sides;Unchained Melody;8;291;-12.2;486781
The Best Of 1980-1990 & B-Sides;Walk To The Water;9;288;-14.8;301718
The Best Of 1980-1990 & B-Sides;Luminous Times (Hold On To Love);10;274;-13.8;281942
The Best Of 1980-1990 & B-Sides;Hallelujah Here She Comes;11;239;-14.0;294463
The Best Of 1980-1990 & B-Sides;Silver And Gold;12;277;-12.3;295643
The Best Of 1980-1990 & B-Sides;Endless Deep;13;177;-12.0;276262
The Best Of 1980-1990 & B-Sides;A Room At The Heartbreak Hotel;14;273;-10.7;281326
The Best Of 1980-1990 & B-Sides;Trash, Trampoline And The Party Girl;15;153;-13.4;280239
The Best Of 1980 - 1990;Pride (In The Name Of Love);1;228;-9.1;387286
The Best Of 1980 - 1990;New Year's Day;2;257;-10.2;730152
The Best Of 1980 - 1990;With Or Without You;3;295;-12.2;413516
The Best Of 1980 - 1990;I Still Haven't Found What I'm Looking For;4;277;-11.2;405842
The Best Of 1980 - 1990;Sunday Bloody Sunday;5;279;-10.5;749643
The Best Of 1980 - 1990;Bad;6;349;-11.1;377383
The Best Of 1980 - 1990;Where The Streets Have No Name;7;275;-9.8;361295
The Best Of 1980 - 1990;I Will Follow;8;215;-11.2;322393
The Best Of 1980 - 1990;The Unforgettable Fire;9;293;-11.3;346748
The Best Of 1980 - 1990;Sweetest Thing;10;179;-12.3;317112
The Best Of 1980 - 1990;Desire;11;178;-9.6;334164
The Best Of 1980 - 1990;When Love Comes To Town;12;257;-11.6;301550
The Best Of 1980 - 1990;Angel Of Harlem;13;229;-11.1;282907
The Best Of 1980 - 1990;All I Want Is You;14;389;-15.5;338143
The Best Of 1980 - 1990;October;15;140;-19.4;258316
Pop;Discotheque;1;320;-11.5;461455
Pop;Do You Feel Loved;2;307;-9.1;324849
Pop;Mofo;3;347;-8.8;273235
Pop;If God Will Send His Angels;4;324;-13.0;369207
Pop;Staring At The Sun;5;276;-11.0;481650
Pop;Last Night On Earth;6;285;-11.1;296549
Pop;Gone;7;266;-10.8;407049
Pop;Miami;8;292;-14.4;230692
Pop;The Playboy Mansion;9;277;-13.6;287451
Pop;If You Wear That Velvet Dress;10;314;-13.9;295914
Pop;Please;11;302;-13.4;440763
Pop;Wake Up Dead Man;12;292;-10.5;264672
Zooropa;Zooropa;1;391;-15.9;457613
Zooropa;Babyface;2;241;-16.6;319100
Zooropa;Numb;3;260;-17.1;453965
Zooropa;Lemon;4;418;-17.5;519862
Zooropa;Stay (Faraway, So Close!);5;298;-15.1;602938
Zooropa;Daddy's Gonna Pay For Your Crashed Car;6;320;-15.7;310913
Zooropa;Some Days Are Better Than Others;7;257;-15.7;281681
Zooropa;The First Time;8;225;-19.8;301916
Zooropa;Dirty Day;9;324;-18.5;294725
Zooropa;The Wanderer;10;341;-16.0;313548
Achtung Baby (Deluxe Edition);Zoo Station;1;276;-13.2;343075
Achtung Baby (Deluxe Edition);Even Better Than The Real Thing;2;221;-10.7;492356
Achtung Baby (Deluxe Edition);One;3;276;-11.9;853593
Achtung Baby (Deluxe Edition);Until The End Of The World;4;278;-13.0;358125
Achtung Baby (Deluxe Edition);Who's Gonna Ride Your Wild Horses;5;316;-12.5;468705
Achtung Baby (Deluxe Edition);So Cruel;6;349;-14.4;306814
Achtung Baby (Deluxe Edition);The Fly;7;269;-11.5;528848
Achtung Baby (Deluxe Edition);Mysterious Ways;8;243;-11.1;577190
Achtung Baby (Deluxe Edition);Tryin' To Throw Your Arms Around The World;9;232;-14.1;266802
Achtung Baby (Deluxe Edition);Ultra Violet (Light My Way);10;330;-12.8;391931
Achtung Baby (Deluxe Edition);Acrobat;11;270;-12.6;297216
Achtung Baby (Deluxe Edition);Love Is Blindness;12;263;-13.9;327386
Achtung Baby (Deluxe Edition);Lady With The Spinning Head (UV1);1;233;-10.5;263692
Achtung Baby (Deluxe Edition);Blow Your House Down;2;210;-10.2;218637
Achtung Baby (Deluxe Edition);Salomé;3;271;-12.7;238109
Achtung Baby (Deluxe Edition);Even Better Than The Real Thing;4;220;-10.6;181141
Achtung Baby (Deluxe Edition);Satellite Of Love;5;240;-12.4;243691
Achtung Baby (Deluxe Edition);Who's Gonna Ride Your Wild Horses;6;288;-11.3;193046
Achtung Baby (Deluxe Edition);Paint It Black;7;200;-11.5;283570
Achtung Baby (Deluxe Edition);Even Better Than The Real Thing;8;249;-10.6;228280
Achtung Baby (Deluxe Edition);Mysterious Ways;9;425;-10.4;301455
Achtung Baby (Deluxe Edition);Night And Day;10;417;-13.2;180814
Achtung Baby (Deluxe Edition);The Lounge Fly Mix;11;387;-12.2;162761
Achtung Baby (Deluxe Edition);Fortunate Son;12;159;-10.9;180318
Achtung Baby (Deluxe Edition);Alex Descends Into Hell For A Bottle Of Milk / Korova 1;13;217;-12.4;154351
Achtung Baby (Deluxe Edition);Where Did It All Go Wrong?;14;236;-11.4;151644
Achtung Baby;Zoo Station;1;276;-13.2;362103
Achtung Baby;Even Better Than The Real Thing;2;221;-10.7;348654
Achtung Baby;One;3;276;-11.9;566256
Achtung Baby;Until The End Of The World;4;278;-13.0;463683
Achtung Baby;Who's Gonna Ride Your Wild Horses;5;316;-12.5;360665
Achtung Baby;So Cruel;6;349;-14.4;375875
Achtung Baby;The Fly;7;269;-11.5;380403
Achtung Baby;Mysterious Ways;8;243;-11.1;370221
Achtung Baby;Tryin' To Throw Your Arms Around The World;9;232;-14.1;307874
Achtung Baby;Ultra Violet (Light My Way);10;330;-12.8;394127
Achtung Baby;Acrobat;11;270;-12.6;347988
Achtung Baby;Love Is Blindness;12;263;-13.9;348521
Achtung Baby (30th Anniversary Edition);Zoo Station;1;276;-13.3;177472
Achtung Baby (30th Anniversary Edition);Even Better Than The Real Thing;2;221;-11.3;173445
Achtung Baby (30th Anniversary Edition);One;3;276;-12.3;179588
Achtung Baby (30th Anniversary Edition);Until The End Of The World;4;278;-13.0;129277
Achtung Baby (30th Anniversary Edition);Who's Gonna Ride Your Wild Horses;5;316;-13.6;131399
Achtung Baby (30th Anniversary Edition);So Cruel;6;349;-14.7;157744
Achtung Baby (30th Anniversary Edition);The Fly;7;268;-11.6;219319
Achtung Baby (30th Anniversary Edition);Mysterious Ways;8;243;-11.4;156328
Achtung Baby (30th Anniversary Edition);Tryin' To Throw Your Arms Around The World;9;232;-14.3;150657
Achtung Baby (30th Anniversary Edition);Ultra Violet (Light My Way);10;330;-13.0;162968
Achtung Baby (30th Anniversary Edition);Acrobat;11;270;-12.6;107795
Achtung Baby (30th Anniversary Edition);Love Is Blindness;12;263;-14.1;146057
Achtung Baby (30th Anniversary Edition);Night And Day;1;418;-12.7;137626
Achtung Baby (30th Anniversary Edition);Even Better Than The Real Thing;2;397;-11.9;89623
Achtung Baby (30th Anniversary Edition);Mysterious Ways;3;421;-13.1;109852
Achtung Baby (30th Anniversary Edition);Lemon;4;536;-12.4;164333
Achtung Baby (30th Anniversary Edition);Can't Help Falling In Love;5;275;-12.6;105809
Achtung Baby (30th Anniversary Edition);Lady With The Spinning Head;6;368;-10.2;108770
Achtung Baby (30th Anniversary Edition);Even Better Than The Real Thing;7;199;-10.3;92720
Achtung Baby (30th Anniversary Edition);Mysterious Ways;8;301;-14.1;115056
Achtung Baby (30th Anniversary Edition);The Lounge Fly Mix;9;388;-13.1;65225
Achtung Baby (30th Anniversary Edition);Mysterious Ways;10;426;-10.7;72426
Achtung Baby (30th Anniversary Edition);One;11;303;-12.3;65635
Achtung Baby (30th Anniversary Edition);Mysterious Ways;1;267;-12.4;65204
Achtung Baby (30th Anniversary Edition);Mysterious Ways;2;266;-12.2;66978
Achtung Baby (30th Anniversary Edition);Can't Help Falling In Love;3;509;-13.6;74858
Achtung Baby (30th Anniversary Edition);One;4;307;-13.4;130830
Achtung Baby (30th Anniversary Edition);Lemon;5;248;-16.1;91103
Achtung Baby (30th Anniversary Edition);Salomé;6;482;-11.9;124121
Achtung Baby (30th Anniversary Edition);Even Better Than The Real Thing;7;407;-12.3;62440
Achtung Baby (30th Anniversary Edition);Numb;8;527;-13.4;54180
Achtung Baby (30th Anniversary Edition);Mysterious Ways;9;494;-13.1;41356
Achtung Baby (30th Anniversary Edition);Numb;10;237;-13.9;68754
Achtung Baby (30th Anniversary Edition);Even Better Than The Real Thing;11;402;-11.9;111578
Achtung Baby (30th Anniversary Edition);Lady With The Spinning Head (UV1);1;233;-9.7;84285
Achtung Baby (30th Anniversary Edition);Blow Your House Down;2;210;-9.6;91973
Achtung Baby (30th Anniversary Edition);Salomé;3;271;-13.0;131211
Achtung Baby (30th Anniversary Edition);Even Better Than The Real Thing;4;220;-10.3;93003
Achtung Baby (30th Anniversary Edition);Satellite Of Love;5;240;-12.5;133700
Achtung Baby (30th Anniversary Edition);Who's Gonna Ride Your Wild Horses;6;288;-11.0;107196
Achtung Baby (30th Anniversary Edition);Heaven And Hell;7;302;-12.1;89456
Achtung Baby (30th Anniversary Edition);Oh Berlin;8;271;-10.9;101358
Achtung Baby (30th Anniversary Edition);Near The Island;9;166;-18.4;106340
Achtung Baby (30th Anniversary Edition);Down All The Days;10;336;-12.0;83295
Achtung Baby (30th Anniversary Edition);Paint It Black;11;200;-11.3;137345
Achtung Baby (30th Anniversary Edition);Fortunate Son;12;160;-10.4;73499
Achtung Baby (30th Anniversary Edition);Alex Descends Into Hell For A Bottle Of Milk / Korova 1;13;217;-12.5;69515
Achtung Baby (30th Anniversary Edition);Where Did It All Go Wrong?;14;236;-11.6;42434
Achtung Baby (30th Anniversary Edition);Everybody Loves A Winner;15;312;-15.7;61085
Achtung Baby (30th Anniversary Edition);Even Better Than The Real Thing;16;249;-10.3;99957
Rattle And Hum;Helter Skelter;1;188;-12.4;402987
Rattle And Hum;Van Diemen's Land;2;184;-21.8;378989
Rattle And Hum;Desire;3;179;-12.7;614054
Rattle And Hum;Hawkmoon 269;4;382;-14.9;337546
Rattle And Hum;All Along The Watchtower;5;264;-14.9;364950
Rattle And Hum;I Still Haven't Found What I'm Looking For;6;355;-18.1;412754
Rattle And Hum;Freedom For My People;7;35;-27.6;314345
Rattle And Hum;Silver And Gold;8;350;-16.7;333376
Rattle And Hum;Pride (In The Name Of Love);9;267;-15.0;350239
Rattle And Hum;Angel Of Harlem;10;229;-14.6;575069
Rattle And Hum;Love Rescue Me;11;384;-16.2;353474
Rattle And Hum;When Love Comes To Town;12;254;-15.7;426689
Rattle And Hum;Heartland;13;303;-16.0;335101
Rattle And Hum;God Part II;14;195;-14.6;343550
Rattle And Hum;The Star Spangled Banner;15;42;-21.7;314664
Rattle And Hum;Bullet The Blue Sky;16;336;-14.1;316737
Rattle And Hum;All I Want Is You;17;389;-15.5;387838
The Joshua Tree;Where The Streets Have No Name;1;336;-13.1;498638
The Joshua Tree;I Still Haven't Found What I'm Looking For;2;277;-12.2;804659
The Joshua Tree;With Or Without You;3;295;-14.2;909250
The Joshua Tree;Bullet The Blue Sky;4;271;-12.1;410112
The Joshua Tree;Running To Stand Still;5;257;-18.6;421364
The Joshua Tree;Red Hill Mining Town;6;292;-13.3;394718
The Joshua Tree;In God's Country;7;176;-12.2;430129
The Joshua Tree;Trip Through Your Wires;8;211;-11.3;349730
The Joshua Tree;One Tree Hill;9;322;-12.6;361763
The Joshua Tree;Exit;10;253;-11.9;368055
The Joshua Tree;Mothers Of The Disappeared;11;314;-14.9;343421
The Joshua Tree;Luminous Times (Hold On To Love);1;274;-14.9;319964
The Joshua Tree;Walk To The Water;2;289;-15.5;296186
The Joshua Tree;Spanish Eyes;3;193;-12.1;314854
The Joshua Tree;Deep In The Heart;4;270;-15.5;292178
The Joshua Tree;Silver And Gold;5;277;-13.3;305193
The Joshua Tree;Sweetest Thing;6;184;-13.4;324856
The Joshua Tree;Race Against Time;7;242;-15.9;255417
The Joshua Tree;Where The Streets Have No Name;8;287;-12.8;272648
The Joshua Tree;Silver And Gold;9;282;-15.3;963
The Joshua Tree;Beautiful Ghost / Introduction To Songs Of Experience;10;232;-15.2;226228
The Joshua Tree;Wave Of Sorrow (Birdland);11;243;-13.3;262829
The Joshua Tree;Desert Of Our Love;12;296;-15.2;225278
The Joshua Tree;Rise Up;13;244;-13.3;250402
The Joshua Tree;Drunk Chicken / America;14;91;-15.8;201733
The Joshua Tree (Super Deluxe);Where The Streets Have No Name;1;337;-13.1;652181
The Joshua Tree (Super Deluxe);I Still Haven't Found What I'm Looking For;2;277;-12.3;584142
The Joshua Tree (Super Deluxe);With Or Without You;3;295;-14.2;556947
The Joshua Tree (Super Deluxe);Bullet The Blue Sky;4;271;-12.4;480072
The Joshua Tree (Super Deluxe);Running To Stand Still;5;257;-18.5;455186
The Joshua Tree (Super Deluxe);Red Hill Mining Town;6;292;-13.1;441957
The Joshua Tree (Super Deluxe);In God's Country;7;176;-12.0;282444
The Joshua Tree (Super Deluxe);Trip Through Your Wires;8;211;-11.1;262276
The Joshua Tree (Super Deluxe);One Tree Hill;9;322;-12.5;454199
The Joshua Tree (Super Deluxe);Exit;10;253;-12.3;308107
The Joshua Tree (Super Deluxe);Mothers Of The Disappeared;11;314;-15.1;409623
The Joshua Tree (Super Deluxe);Where The Streets Have No Name;1;390;-11.3;356839
The Joshua Tree (Super Deluxe);I Will Follow;2;238;-10.5;290979
The Joshua Tree (Super Deluxe);Trip Through Your Wires;3;225;-11.7;233052
The Joshua Tree (Super Deluxe);Medley: I Still Haven’t Found What I’m Looking For / Exodus;4;351;-12.8;263505
The Joshua Tree (Super Deluxe);MLK;5;122;-15.0;237598
The Joshua Tree (Super Deluxe);Bullet The Blue Sky;6;347;-12.2;258705
The Joshua Tree (Super Deluxe);Running To Stand Still;7;285;-14.8;260154
The Joshua Tree (Super Deluxe);In God’s Country;8;169;-10.8;251338
The Joshua Tree (Super Deluxe);Sunday Bloody Sunday;9;253;-10.7;302229
The Joshua Tree (Super Deluxe);Medley: Exit / Gloria;10;279;-10.8;252534
The Joshua Tree (Super Deluxe);October;11;125;-16.2;218551
The Joshua Tree (Super Deluxe);New Year’s Day;12;284;-10.6;279126
The Joshua Tree (Super Deluxe);Pride (In The Name Of Love);13;293;-11.7;294549
The Joshua Tree (Super Deluxe);With Or Without You;14;328;-11.9;320838
The Joshua Tree (Super Deluxe);Party Girl;15;203;-13.1;236919
The Joshua Tree (Super Deluxe);I Still Haven’t Found What I’m Looking For;16;353;-11.4;250659
The Joshua Tree (Super Deluxe);“40”;17;351;-11.9;270479
The Joshua Tree (Super Deluxe);One Tree Hill;1;257;-12.6;207367
The Joshua Tree (Super Deluxe);Bullet The Blue Sky;2;363;-12.8;162591
The Joshua Tree (Super Deluxe);Running To Stand Still;3;280;-18.6;183607
The Joshua Tree (Super Deluxe);Red Hill Mining Town;4;293;-12.4;340770
The Joshua Tree (Super Deluxe);With Or Without You;5;304;-15.4;249665
The Joshua Tree (Super Deluxe);Where The Streets Have No Name;6;405;-14.2;183675
The Joshua Tree (Super Deluxe);Luminous Times (Hold On To Love);1;274;-14.8;158208
The Joshua Tree (Super Deluxe);Walk To The Water;2;289;-15.3;176004
The Joshua Tree (Super Deluxe);Spanish Eyes;3;196;-11.7;161876
The Joshua Tree (Super Deluxe);Deep In The Heart;4;271;-15.4;154963
The Joshua Tree (Super Deluxe);Silver And Gold;5;277;-13.6;136974
The Joshua Tree (Super Deluxe);Sweetest Thing;6;184;-13.3;213153
The Joshua Tree (Super Deluxe);Race Against Time;7;243;-15.4;127253
The Joshua Tree (Super Deluxe);I Still Haven't Found What I'm Looking For;8;255;-13.4;177555
The Joshua Tree (Super Deluxe);One Tree Hill Reprise;9;130;-17.5;140973
The Joshua Tree (Super Deluxe);Silver And Gold;10;282;-14.7;32316
The Joshua Tree (Super Deluxe);Beautiful Ghost / Introduction To Songs Of Experience;11;236;-14.8;152361
The Joshua Tree (Super Deluxe);Wave Of Sorrow (Birdland);12;246;-13.3;154923
The Joshua Tree (Super Deluxe);Desert Of Our Love;13;298;-15.0;166051
The Joshua Tree (Super Deluxe);Rise Up;14;248;-13.4;162134
The Joshua Tree (Super Deluxe);Drunk Chicken / America;15;91;-15.2;120236
The Unforgettable Fire (Deluxe Edition Remastered);A Sort Of Homecoming;1;328;-12.4;268731
The Unforgettable Fire (Deluxe Edition Remastered);Pride (In The Name Of Love);2;228;-11.1;268053
The Unforgettable Fire (Deluxe Edition Remastered);Wire;3;258;-11.1;215312
The Unforgettable Fire (Deluxe Edition Remastered);The Unforgettable Fire;4;294;-11.6;297227
The Unforgettable Fire (Deluxe Edition Remastered);Promenade;5;152;-15.6;211955
The Unforgettable Fire (Deluxe Edition Remastered);4th Of July;6;135;-20.0;175259
The Unforgettable Fire (Deluxe Edition Remastered);Bad;7;368;-12.4;517605
The Unforgettable Fire (Deluxe Edition Remastered);Indian Summer Sky;8;259;-12.7;184953
The Unforgettable Fire (Deluxe Edition Remastered);Elvis Presley And America;9;383;-13.8;165525
The Unforgettable Fire (Deluxe Edition Remastered);MLK;10;154;-18.3;188057
The Unforgettable Fire (Deluxe Edition Remastered);Disappearing Act;1;274;-10.7;10198
The Unforgettable Fire (Deluxe Edition Remastered);A Sort Of Homecoming;2;245;-11.8;194431
The Unforgettable Fire (Deluxe Edition Remastered);Bad;3;477;-11.8;241900
The Unforgettable Fire (Deluxe Edition Remastered);Love Comes Tumbling;4;291;-12.9;258553
The Unforgettable Fire (Deluxe Edition Remastered);The Three Sunrises;5;231;-10.9;138688
The Unforgettable Fire (Deluxe Edition Remastered);Yoshino Blossom;6;217;-13.4;21539
The Unforgettable Fire (Deluxe Edition Remastered);Wire;7;310;-11.2;130806
The Unforgettable Fire (Deluxe Edition Remastered);Boomerang 1;8;167;-14.2;140981
The Unforgettable Fire (Deluxe Edition Remastered);Pride (In The Name Of Love);9;281;-10.0;226084
The Unforgettable Fire (Deluxe Edition Remastered);A Sort Of Homecoming;10;197;-10.6;104712
The Unforgettable Fire (Deluxe Edition Remastered);11 O'Clock Tick Tock;11;253;-11.5;161539
The Unforgettable Fire (Deluxe Edition Remastered);Wire;12;275;-12.0;108684
The Unforgettable Fire (Deluxe Edition Remastered);Bass Trap;13;315;-16.8;123130
The Unforgettable Fire (Deluxe Edition Remastered);Boomerang II;14;288;-11.8;140265
The Unforgettable Fire (Deluxe Edition Remastered);4th Of July;15;144;-16.3;107705
The Unforgettable Fire (Deluxe Edition Remastered);Sixty Seconds in Kingdom Come;16;194;-13.3;90754
The Unforgettable Fire (Remastered);A Sort Of Homecoming;1;328;-12.4;333060
The Unforgettable Fire (Remastered);Pride (In The Name Of Love);2;228;-11.1;825583
The Unforgettable Fire (Remastered);Wire;3;258;-11.1;304804
The Unforgettable Fire (Remastered);The Unforgettable Fire;4;294;-11.5;592905
The Unforgettable Fire (Remastered);Promenade;5;152;-15.6;304146
The Unforgettable Fire (Remastered);4th Of July;6;135;-19.9;296218
The Unforgettable Fire (Remastered);Bad;7;368;-12.4;342875
The Unforgettable Fire (Remastered);Indian Summer Sky;8;259;-12.7;279846
The Unforgettable Fire (Remastered);Elvis Presley And America;9;383;-13.8;257007
The Unforgettable Fire (Remastered);MLK;10;154;-18.3;282827
Under A Blood Red Sky (Remastered);Gloria;1;287;-10.3;407927
Under A Blood Red Sky (Remastered);11 O'Clock Tick Tock;2;281;-11.1;364078
Under A Blood Red Sky (Remastered);I Will Follow;3;225;-11.7;334247
Under A Blood Red Sky (Remastered);Party Girl;4;186;-12.6;390431
Under A Blood Red Sky (Remastered);Sunday Bloody Sunday;5;318;-12.1;419186
Under A Blood Red Sky (Remastered);The Electric Co.;6;278;-11.5;321012
Under A Blood Red Sky (Remastered);New Year's Day;7;276;-11.7;366506
Under A Blood Red Sky (Remastered);"""40""";8;226;-12.8;394172
War (Remastered);Sunday Bloody Sunday;1;279;-12.1;881684
War (Remastered);Seconds;2;191;-12.2;317576
War (Remastered);New Year's Day;3;335;-10.8;399854
War (Remastered);Like A Song...;4;287;-10.5;302704
War (Remastered);Drowning Man;5;254;-11.7;317710
War (Remastered);The Refugee;6;220;-11.4;285336
War (Remastered);Two Hearts Beat As One;7;243;-12.6;316922
War (Remastered);Red Light;8;226;-12.6;242572
War (Remastered);Surrender;9;333;-10.7;266536
War (Remastered);"""40""";10;157;-11.0;295240
October (Deluxe Edition Remastered);Gloria;1;252;-11.3;485222
October (Deluxe Edition Remastered);I Fall Down;2;219;-12.7;169688
October (Deluxe Edition Remastered);I Threw A Brick Through A Window;3;294;-12.6;190674
October (Deluxe Edition Remastered);Rejoice;4;218;-10.0;200736
October (Deluxe Edition Remastered);Fire;5;232;-11.4;170319
October (Deluxe Edition Remastered);Tomorrow;6;279;-11.6;205758
October (Deluxe Edition Remastered);October;7;141;-18.1;452241
October (Deluxe Edition Remastered);With A Shout (Jerusalem);8;242;-10.4;167141
October (Deluxe Edition Remastered);Stranger In A Strange Land;9;236;-11.5;152103
October (Deluxe Edition Remastered);Scarlet;10;173;-14.2;149257
October (Deluxe Edition Remastered);Is That All?;11;181;-10.5;155524
October (Deluxe Edition Remastered);Gloria;1;283;-10.9;163939
October (Deluxe Edition Remastered);I Fall Down;2;181;-12.7;125235
October (Deluxe Edition Remastered);I Threw A Brick Through A Window;3;232;-11.6;161370
October (Deluxe Edition Remastered);Fire;4;211;-12.1;145260
October (Deluxe Edition Remastered);October;5;142;-17.1;162680
October (Deluxe Edition Remastered);With A Shout (Jerusalem);6;213;-10.4;112371
October (Deluxe Edition Remastered);Scarlet;7;165;-10.7;134601
October (Deluxe Edition Remastered);I Threw A Brick Through A Window;8;257;-11.5;72490
October (Deluxe Edition Remastered);A Celebration;9;177;-11.5;170395
October (Deluxe Edition Remastered);J.Swallow;10;140;-14.4;68852
October (Deluxe Edition Remastered);Trash, Trampoline And The Party Girl;11;155;-13.4;155112
October (Deluxe Edition Remastered);I Will Follow;12;224;-10.4;106232
October (Deluxe Edition Remastered);The Ocean;13;135;-12.2;132229
October (Deluxe Edition Remastered);Cry/The Electric Co.;14;267;-11.3;181094
October (Deluxe Edition Remastered);11 O'Clock Tick Tock;15;297;-9.6;118292
October (Deluxe Edition Remastered);I Will Follow;16;232;-9.8;118967
October (Deluxe Edition Remastered);Tomorrow;17;275;-16.6;3067
October (Remastered);Gloria;1;252;-11.3;284199
October (Remastered);I Fall Down;2;219;-12.7;224891
October (Remastered);I Threw A Brick Through A Window;3;294;-12.6;199106
October (Remastered);Rejoice;4;218;-10.0;212891
October (Remastered);Fire;5;232;-11.4;213874
October (Remastered);Tomorrow;6;279;-11.6;233896
October (Remastered);October;7;141;-18.1;292769
October (Remastered);With A Shout (Jerusalem);8;242;-10.4;201272
October (Remastered);Stranger In A Strange Land;9;236;-11.5;202089
October (Remastered);Scarlet;10;173;-14.2;192796
October (Remastered);Is That All?;11;181;-10.5;191017
Boy (Remastered);I Will Follow;1;217;-10.8;320887
Boy (Remastered);Twilight;2;262;-11.6;218850
Boy (Remastered);An Cat Dubh;3;286;-11.5;212278
Boy (Remastered);Into The Heart;4;207;-14.0;213150
Boy (Remastered);Out Of Control;5;254;-11.3;274817
Boy (Remastered);Stories For Boys;6;182;-10.8;208241
Boy (Remastered);The Ocean;7;95;-15.5;150985
Boy (Remastered);A Day Without Me;8;193;-11.0;264616
Boy (Remastered);Another Time Another Place;9;272;-11.8;192265
Boy (Remastered);The Electric Co.;10;286;-11.9;207437
Boy (Remastered);Shadows And Tall Trees / Saturday Matinee;11;314;-13.4;185104
Boy (Deluxe Edition Remastered);I Will Follow;1;217;-10.8;562751
Boy (Deluxe Edition Remastered);Twilight;2;262;-11.6;214511
Boy (Deluxe Edition Remastered);An Cat Dubh;3;286;-11.5;217854
Boy (Deluxe Edition Remastered);Into The Heart;4;207;-14.0;187633
Boy (Deluxe Edition Remastered);Out Of Control;5;254;-11.3;214053
Boy (Deluxe Edition Remastered);Stories For Boys;6;182;-10.8;223785
Boy (Deluxe Edition Remastered);The Ocean;7;95;-15.5;170771
Boy (Deluxe Edition Remastered);A Day Without Me;8;193;-11.0;154904
Boy (Deluxe Edition Remastered);Another Time Another Place;9;272;-11.8;121526
Boy (Deluxe Edition Remastered);The Electric Co.;10;286;-11.9;175165
Boy (Deluxe Edition Remastered);Shadows And Tall Trees / Saturday Matinee;11;314;-13.4;151253
Boy (Deluxe Edition Remastered);I Will Follow;1;217;-11.3;145288
Boy (Deluxe Edition Remastered);11 O'Clock Tick Tock;2;227;-13.0;151086
Boy (Deluxe Edition Remastered);Touch;3;205;-12.8;92192
Boy (Deluxe Edition Remastered);Speed Of Life;4;198;-11.3;147575
Boy (Deluxe Edition Remastered);Saturday Night;5;312;-11.6;111076
Boy (Deluxe Edition Remastered);Things To Make And Do;6;136;-13.1;130292
Boy (Deluxe Edition Remastered);Out Of Control;7;232;-13.2;126474
Boy (Deluxe Edition Remastered);Boy/Girl;8;203;-13.5;104717
Boy (Deluxe Edition Remastered);Stories For Boys;9;162;-14.4;136210
Boy (Deluxe Edition Remastered);Another Day;10;208;-15.3;92312
Boy (Deluxe Edition Remastered);Twilight;11;275;-11.8;93492
Boy (Deluxe Edition Remastered);Boy/Girl;12;206;-11.0;77694
Boy (Deluxe Edition Remastered);11 O'Clock Tick Tock;13;298;-11.5;116333
Boy (Deluxe Edition Remastered);Cartoon World;14;260;-11.8;2765
